size,FP16 Linear (ms),INT8 Quantized Linear (ms)
512.000000,0.014336,0.020480
1024.000000,0.066560,0.071680
2048.000000,0.289792,0.320512
4096.000000,2.082816,2.307072
